{"integrator":"Adams Bashforth Moulton","G":-6.67000010778906e-11,"dt":10000.0,"scaleFactor":5499999846.4,"fps":60.0,"trailSize":5000,"nBodies":4,"y0":[0.0,54999998464.0,0.0,30000.0,0.0,0.0,54999998464.0,0.0,0.0,0.0,-30000.0,0.0,0.0,-54999998464.0,0.0,-30000.0,0.0,0.0,-54999998464.0,0.0,0.0,0.0,30000.0,0.0],"masses":[6.000000090284797e29,6.000000090284797e29,6.000000090284797e29,6.000000090284797e29],"radii":[1.0,1.0,1.0,1.0],"names":["Body 1","Body 2","Body 3","Body 4"]}