{"integrator":"Euler","G":-6.66999996901119e-11,"dt":3600.0,"scaleFactor":19200000.0,"fps":60.0,"trailSize":250,"nBodies":2,"y0":[384000000.0,0.0,0.0,0.0,1000.0,0.0,0.0,0.0,0.0,0.0,0.0,0.0],"masses":[7.33999999932568e22,5.96999991261919e24],"radii":[1.0,1.0],"names":["Moon","Earth"]}