{"integrator":"Adams Bashforth Moulton","G":-1.0,"dt":0.01,"scaleFactor":0.05126994848251343,"fps":60.0,"trailSize":2000,"nBodies":3,"y0":[-0.01963513,0.0,0.0,0.0,-0.0004732700000000013,0.0,0.91847887,0.0,0.0,0.0,1.07499273,0.0,1.00576387,0.0,0.0,0.0,-1.02861227,0.0],"masses":[0.98,0.01,0.01],"radii":[0.0,0.0,0.0],"names":["Body 1","Body 2","Body 3"]}