{"integrator":"Adams Bashforth Moulton","G":-1.0,"dt":0.01,"scaleFactor":0.08007050156593324,"fps":60.0,"trailSize":2000,"nBodies":3,"y0":[-0.02592873,0.0,0.0,0.0,-0.00217931,0.0,0.96553427,0.0,0.0,0.0,1.00200769,0.0,1.57548127,0.0,0.0,0.0,-0.78843531,0.0],"masses":[0.98,0.01,0.01],"radii":[0.0,0.0,0.0],"names":["Body 1","Body 2","Body 3"]}