{"integrator":"Adams Bashforth Moulton","G":-1.0,"dt":0.002,"scaleFactor":0.18870415687561035,"fps":60.0,"trailSize":2500,"nBodies":6,"y0":[1.8870415687561,0.0,0.0,0.0,-0.635277509689331,0.0,0.797833025455475,0.140342831611633,0.0,-2.03152227401733,0.10063773393631,0.0,-0.797833025455475,0.140342831611633,0.0,-2.03152227401733,-0.10063773393631,0.0,-1.8870415687561,0.0,0.0,0.0,0.635277509689331,0.0,-0.797833025455475,-0.140342831611633,0.0,2.03152227401733,-0.10063773393631,0.0,0.797833025455475,-0.140342831611633,0.0,2.03152227401733,0.10063773393631,0.0],"masses":[1.0,1.0,1.0,1.0,1.0,1.0],"radii":[0.0,0.0,0.0,0.0,0.0,0.0],"names":["Body 1","Body 2","Body 3","Body 4","Body 5","Body 6"]}