{"integrator":"Adams Bashforth","G":-1.0,"dt":0.00999999977648258,"scaleFactor":0.1,"fps":300.0,"trailSize":300,"nBodies":3,"y0":[0.970004379749298,-0.243087530136108,0.0,0.466203689575195,0.432365715503693,0.0,-0.970004379749298,0.243087530136108,0.0,0.466203689575195,0.432365715503693,0.0,0.0,0.0,0.0,-0.932407379150391,-0.864731431007385,0.0],"masses":[1.0,1.0,1.0],"radii":[0.0,0.0,0.0],"names":["Body 1","Body 2","Body 3"]}