{"integrator":"Runge Kutta 4","G":-1.0,"dt":0.005,"scaleFactor":0.13828569650650025,"fps":60.0,"trailSize":1000,"nBodies":4,"y0":[0.0,0.157029944461,0.0,1.87193510824,0.0,0.0,1.382857,0.0,0.0,0.0,0.584872579881,0.0,0.0,-0.157029944461,0.0,-1.87193510824,0.0,0.0,-1.382857,0.0,0.0,0.0,-0.584872579881,0.0],"masses":[1.0,1.0,1.0,1.0],"radii":[0.0,0.0,0.0,0.0],"names":["Body 1","Body 2","Body 3","Body 4"]}