{"integrator":"Adams Bashforth Moulton","G":-1.0,"dt":0.01,"scaleFactor":0.044417351484298709,"fps":60.0,"trailSize":2000,"nBodies":3,"y0":[-0.37027233333333,0.0,0.0,0.0,0.64479,0.0,0.51807466666667,0.0,0.0,0.0,0.788381,0.0,-0.14780233333333,0.0,0.0,0.0,-1.433171,0.0],"masses":[0.3333333333333333,0.3333333333333333,0.3333333333333333],"radii":[0.0,0.0,0.0],"names":["Body 1","Body 2","Body 3"]}