{"integrator":"Adams Bashforth Moulton","G":-1.0,"dt":0.001,"scaleFactor":0.0881917119026184,"fps":60.0,"trailSize":1000,"nBodies":3,"y0":[-0.16666666666,0.866025403785,0.0,-0.8,-0.8,0.0,0.0,0.0,0.0,0.0,0.0,0.0,0.16666666666,-0.866025403785,0.0,0.8,0.8,0.0],"masses":[0.5,10.0,0.5],"radii":[0.0,0.0,0.0],"names":["Body 1","Body 2","Body 3"]}