{"integrator":"Runge Kutta 4","G":-1.0,"dt":0.01,"scaleFactor":0.10187779664993287,"fps":60.0,"trailSize":2000,"nBodies":3,"y0":[-0.95931233333333,0.0,0.0,0.0,-0.18850333333333,0.0,-0.11893133333333,0.0,0.0,0.0,0.73365966666667,0.0,1.07824366666667,0.0,0.0,0.0,-0.54515633333333,0.0],"masses":[0.3333333333333333,0.3333333333333333,0.333333333333333],"radii":[0.0,0.0,0.0],"names":["Body 1","Body 2","Body 3"]}