{"integrator":"Adams Bashforth Moulton","G":-6.672e-11,"dt":25000.0,"scaleFactor":228596855603.2,"fps":60.0,"trailSize":100000,"nBodies":9,"y0":[0.0,0.0,0.0,0.0,0.0,0.0,-316631003972.5641,669646289294.3763,4297245091.665945,-12392.11672028236,-5861.342626547049,302.051736096712,-1210211628368.026,-594167445862.3512,58444602961.14916,4487.156922727062,-9141.36958675226,-18.73102845404257,-1147651993296.416,-2483168512406.579,5772473714.738926,6469.473160978276,-2990.231915625855,-94.58104783662384,-4451084866211.539,258255116781.5513,97307140249.94788,-314.6591736229644,-5468.308315312585,119.6614869821753,-4215762628975.017,-532314667121.6957,1276482240002.225,880.5282357493498,-6035.354715837975,391.2237752310136,49555900875.39355,-67895815280.28305,24876464383.0847,-42729.03026487399,-33403.10653497474,-6048.049926830165,67592656013.13622,129400018269.5934,5744271342.624322,35419.8144435642,-17950.66289443953,-12412.78492452597,117085436582.5987,100561405011.5091,-459228304.2643884,-24233.32181567917,28174.18169154085,-9002.866071099628],"masses":[1.9891000000000005e30,1.8986e27,5.6846e26,8.6832e25,1.0243e26,1.3139999999999999e22,100.0,100.0,100.0],"radii":[696000000.0,69911000.0,58232000.0,25362000.0,24624000.0,1151000.0,10.0,10.0,10.0],"names":["Sun","Jupyter","Saturn","Uranus","Neptune","Pluto","Halley","Tempel-Tuttle","Hartley 2"]}