{"integrator":"Adams Bashforth Moulton","G":-6.67e-11,"dt":25000.0,"scaleFactor":19946665847.466669,"fps":60.0,"trailSize":1000,"nBodies":2,"y0":[0.0,0.0,0.0,10000.0,10000.0,10000.0,149600000000.0,0.0,0.0,0.0,29780.0,0.0],"masses":[1.9891000000000003e30,5.9736e24],"radii":[696000000.0,6378100.0],"names":["Body 1","Body 2"]}