{"integrator":"Adams Bashforth Moulton","G":-1.0,"dt":0.01,"scaleFactor":0.08969459533691407,"fps":60.0,"trailSize":2000,"nBodies":3,"y0":[-0.01786466666667,0.0,0.0,0.0,-0.21558633333333,0.0,0.90587833333333,0.0,0.0,0.0,0.59527966666667,0.0,-0.88801366666667,0.0,0.0,0.0,-0.37969333333333,0.0],"masses":[0.3333333333333333,0.3333333333333333,0.3333333333333333],"radii":[0.0,0.0,0.0],"names":["Body 1","Body 2","Body 3"]}