{"integrator":"Adams Bashforth Moulton","G":-1.0,"dt":0.01,"scaleFactor":0.08580365180969238,"fps":60.0,"trailSize":2000,"nBodies":3,"y0":[-0.2651068,0.0,0.0,0.0,-0.0311647,0.0,0.6698882,0.0,0.0,0.0,0.9794923,0.0,1.4509662,0.0,0.0,0.0,-0.7301747,0.0],"masses":[0.8,0.1,0.1],"radii":[0.0,0.0,0.0],"names":["Body 1","Body 2","Body 3"]}