{"integrator":"Adams Bashforth Moulton","G":-1.0,"dt":0.01,"scaleFactor":0.11180034875869752,"fps":60.0,"trailSize":2000,"nBodies":3,"y0":[0.07623633333333,0.0,0.0,0.0,-0.68610333333333,0.0,1.07988533333333,0.0,0.0,0.0,0.57744666666667,0.0,-1.15612166666667,0.0,0.0,0.0,0.10865666666667,0.0],"masses":[0.3333333333333333,0.333333333333333,0.3333333333333333],"radii":[0.0,0.0,0.0],"names":["Body 1","Body 2","Body 3"]}