{"integrator":"Adams Bashforth Moulton","G":-6.66999996901119e-11,"dt":360000.0,"scaleFactor":221472463257.6,"fps":60.0,"trailSize":5000,"nBodies":2,"y0":[0.0,0.0,0.0,0.0,0.0,0.0,-4209999872000.0,-532000014336.0,1269999992832.0,880.0,-6040.0,391.0],"masses":[1.9800000146824104e31,1.299999948647522e22],"radii":[1.0,1.0],"names":["Sun","Pluto"]}