{"integrator":"LeapFrog","G":-6.67e-11,"dt":25000.0,"scaleFactor":15700577484.8,"fps":60.0,"trailSize":5000,"nBodies":5,"y0":[0.0,0.0,0.0,0.0,0.0,0.0,-4329362754.617355,147034378075.7083,125103.8211594099,-30273.58533165817,-891.3923357385349,-0.00592175332365,-26650741375.19743,37092693357.77605,5476123753.688047,-47769.35355942635,-34552.41315333916,1562.048653487721,-94569478180.81296,-50843027933.25299,4764005246.238441,16629.05265375443,-31060.22328843764,-1384.330926547166,186295264597.0695,89379613557.85823,-2709929589.928919,-11448.49164903331,23885.97343927415,782.0256576097531],"masses":[1.9891000000000005e30,5.9736e24,3.302e23,6.685e23,6.4185e23],"radii":[696000000.0,6378100.0,2440000.0,6051840.0,3389920.0],"names":["Sun","Earth","Mercury","Venus","Mars"]}