{"cameraMode":{"drawMode":0,"name":"Shaded","section":"Shading Mode"},"sceneLighting":false,"audioPlay":false,"sceneViewState":{"showFog":true,"showMaterialUpdate":true,"showSkybox":false,"showFlares":true,"showImageEffects":true,"showParticleSystems":true},"in2DMode":false,"pivot":{"x":2.2950544357299806,"y":0.2537071108818054,"z":-0.3685736060142517},"rotation":{"x":0.011359761469066143,"y":0.7841252088546753,"z":-0.014358452521264553,"w":0.6203351020812988},"size":6.0243425369262699,"orthographic":false}